title,product_url,categories,discount,current_price,original_price,rating,image_url
Honda Civic Quarter Vent Louver Glossy Black - Model 2022-2023 11th Generation,https://pakmotors.pk/product/honda-civic-2022-2023-quarter-louver-cover-glossy-black-11th-gen/,"Louver & Window Racks, Honda Civic Accessories",-18%,"₨4,500","₨5,500",0out of 5,"data:image/svg+xml;base64,PHN2ZyB4bWxucz0iaHR0cDovL3d3dy53My5vcmcvMjAwMC9zdmciIHdpZHRoPSI2MDAiIGhlaWdodD0iNjAwIiB2aWV3Qm94PSIwIDAgNjAwIDYwMCI+PHJlY3Qgd2lkdGg9IjEwMCUiIGhlaWdodD0iMTAwJSIgc3R5bGU9ImZpbGw6I2NmZDRkYjtmaWxsLW9wYWNpdHk6IDAuMTsiLz48L3N2Zz4="
Honda City 2022-2024 Quarter Louvers Glossy Black,https://pakmotors.pk/product/honda-city-2022-2024-glossy-black-quarter-louver/,"Louver & Window Racks, Honda City Accessories",-9%,"₨3,000","₨3,300",0out of 5,"data:image/svg+xml;base64,PHN2ZyB4bWxucz0iaHR0cDovL3d3dy53My5vcmcvMjAwMC9zdmciIHdpZHRoPSI2MDAiIGhlaWdodD0iNDUwIiB2aWV3Qm94PSIwIDAgNjAwIDQ1MCI+PHJlY3Qgd2lkdGg9IjEwMCUiIGhlaWdodD0iMTAwJSIgc3R5bGU9ImZpbGw6I2NmZDRkYjtmaWxsLW9wYWNpdHk6IDAuMTsiLz48L3N2Zz4="
Hyundai Elantra Carbon Fiber Quarter Louver 2021-2024,https://pakmotors.pk/product/hyundai-elantra-carbon-fiber-quarter-louver/,"Louver & Window Racks, Hyundai Elantra Accessories",-9%,"₨5,000","₨5,500",0out of 5,"data:image/svg+xml;base64,PHN2ZyB4bWxucz0iaHR0cDovL3d3dy53My5vcmcvMjAwMC9zdmciIHdpZHRoPSIxMDAwIiBoZWlnaHQ9IjEwMDAiIHZpZXdCb3g9IjAgMCAxMDAwIDEwMDAiPjxyZWN0IHdpZHRoPSIxMDAlIiBoZWlnaHQ9IjEwMCUiIHN0eWxlPSJmaWxsOiNjZmQ0ZGI7ZmlsbC1vcGFjaXR5OiAwLjE7Ii8+PC9zdmc+"
Hyundai Elantra Gloss Black Quarter Louver 2021-2024,https://pakmotors.pk/product/hyundai-elantra-glossy-black-quarter-louver/,"Hyundai Elantra Accessories, Louver & Window Racks",,,,0out of 5,"data:image/svg+xml;base64,PHN2ZyB4bWxucz0iaHR0cDovL3d3dy53My5vcmcvMjAwMC9zdmciIHdpZHRoPSI2MDAiIGhlaWdodD0iNjAwIiB2aWV3Qm94PSIwIDAgNjAwIDYwMCI+PHJlY3Qgd2lkdGg9IjEwMCUiIGhlaWdodD0iMTAwJSIgc3R5bGU9ImZpbGw6I2NmZDRkYjtmaWxsLW9wYWNpdHk6IDAuMTsiLz48L3N2Zz4="
Toyota Corolla 2005-2007 Front Grill Mesh,https://pakmotors.pk/product/toyota-corolla-2005-2007-front-grill-mesh/,"Car Grilles, Modifications Accessories, Toyota Corolla Accessories",,,,0out of 5,"data:image/svg+xml;base64,PHN2ZyB4bWxucz0iaHR0cDovL3d3dy53My5vcmcvMjAwMC9zdmciIHdpZHRoPSI2MDAiIGhlaWdodD0iNjAwIiB2aWV3Qm94PSIwIDAgNjAwIDYwMCI+PHJlY3Qgd2lkdGg9IjEwMCUiIGhlaWdodD0iMTAwJSIgc3R5bGU9ImZpbGw6I2NmZDRkYjtmaWxsLW9wYWNpdHk6IDAuMTsiLz48L3N2Zz4="
Toyota Corolla Big Trunk Lip Spoiler Model 2014-2020,https://pakmotors.pk/product/toyota-corolla-big-trunk-lip-spoiler-2014-2020/,"Car Spoilers, Modifications Accessories, Toyota Corolla Accessories",,,,0out of 5,"data:image/svg+xml;base64,PHN2ZyB4bWxucz0iaHR0cDovL3d3dy53My5vcmcvMjAwMC9zdmciIHdpZHRoPSI2MDAiIGhlaWdodD0iNjAwIiB2aWV3Qm94PSIwIDAgNjAwIDYwMCI+PHJlY3Qgd2lkdGg9IjEwMCUiIGhlaWdodD0iMTAwJSIgc3R5bGU9ImZpbGw6I2NmZDRkYjtmaWxsLW9wYWNpdHk6IDAuMTsiLz48L3N2Zz4="
Toyota Corolla Ducktail Spoiler 2014 - 2024,https://pakmotors.pk/product/toyota-corolla-trunk-ducktail-spoiler-2014-2024/,"Car Spoilers, Toyota Corolla Accessories",,,,0out of 5,"data:image/svg+xml;base64,PHN2ZyB4bWxucz0iaHR0cDovL3d3dy53My5vcmcvMjAwMC9zdmciIHdpZHRoPSI2MDAiIGhlaWdodD0iNjAwIiB2aWV3Qm94PSIwIDAgNjAwIDYwMCI+PHJlY3Qgd2lkdGg9IjEwMCUiIGhlaWdodD0iMTAwJSIgc3R5bGU9ImZpbGw6I2NmZDRkYjtmaWxsLW9wYWNpdHk6IDAuMTsiLz48L3N2Zz4="
Honda City Quarter Glass Louvers Cover Set - Model 2009-2021,https://pakmotors.pk/product/honda-city-quarter-glass-louvers-cover-2009-2021/,"Exterior Accessories, Honda City Accessories, Louver & Window Racks",-12%,"₨2,200","₨2,500",0out of 5,"data:image/svg+xml;base64,PHN2ZyB4bWxucz0iaHR0cDovL3d3dy53My5vcmcvMjAwMC9zdmciIHdpZHRoPSI2MDAiIGhlaWdodD0iNjM2IiB2aWV3Qm94PSIwIDAgNjAwIDYzNiI+PHJlY3Qgd2lkdGg9IjEwMCUiIGhlaWdodD0iMTAwJSIgc3R5bGU9ImZpbGw6I2NmZDRkYjtmaWxsLW9wYWNpdHk6IDAuMTsiLz48L3N2Zz4="
Toyota Yaris TRD Body Kit Complete 4pcs Model 2020-2024,https://pakmotors.pk/product/toyota-yaris-trd-body-kit-complete-4pcs-model-2020-2023/,"Body Kits & Extensions, Toyota Yaris Accessories",-16%,"₨29,500","₨35,000",0out of 5,"data:image/svg+xml;base64,PHN2ZyB4bWxucz0iaHR0cDovL3d3dy53My5vcmcvMjAwMC9zdmciIHdpZHRoPSI2MDAiIGhlaWdodD0iNjAwIiB2aWV3Qm94PSIwIDAgNjAwIDYwMCI+PHJlY3Qgd2lkdGg9IjEwMCUiIGhlaWdodD0iMTAwJSIgc3R5bGU9ImZpbGw6I2NmZDRkYjtmaWxsLW9wYWNpdHk6IDAuMTsiLz48L3N2Zz4="
Honda Civic X 2016-2021 Trunk Lip Spoiler,https://pakmotors.pk/product/honda-civic-x-2016-2021-trunk-lip-spoiler/,"Car Spoilers, Honda Civic Accessories",-14%,"₨3,000","₨3,500",0out of 5,"data:image/svg+xml;base64,PHN2ZyB4bWxucz0iaHR0cDovL3d3dy53My5vcmcvMjAwMC9zdmciIHdpZHRoPSI2MDAiIGhlaWdodD0iNjAwIiB2aWV3Qm94PSIwIDAgNjAwIDYwMCI+PHJlY3Qgd2lkdGg9IjEwMCUiIGhlaWdodD0iMTAwJSIgc3R5bGU9ImZpbGw6I2NmZDRkYjtmaWxsLW9wYWNpdHk6IDAuMTsiLz48L3N2Zz4="
Honda Civic X Trunk Spoiler - Sport Line,https://pakmotors.pk/product/honda-civic-x-trunk-spoiler-sport-line/,"Car Spoilers, Honda Civic Accessories",-13%,"₨4,800","₨5,500",0out of 5,"data:image/svg+xml;base64,PHN2ZyB4bWxucz0iaHR0cDovL3d3dy53My5vcmcvMjAwMC9zdmciIHdpZHRoPSI2MDAiIGhlaWdodD0iNTM2IiB2aWV3Qm94PSIwIDAgNjAwIDUzNiI+PHJlY3Qgd2lkdGg9IjEwMCUiIGhlaWdodD0iMTAwJSIgc3R5bGU9ImZpbGw6I2NmZDRkYjtmaWxsLW9wYWNpdHk6IDAuMTsiLz48L3N2Zz4="
Toyota Hilux Vigo Champ Front Grill Full Chrome - 2012-2016,https://pakmotors.pk/product/toyota-hilux-vigo-champ-front-grill-full-chrome-2012-2016/,"Car Grilles, Car Chrome Accessories, Modifications Accessories",-25%,"₨10,500","₨14,000",0out of 5,"data:image/svg+xml;base64,PHN2ZyB4bWxucz0iaHR0cDovL3d3dy53My5vcmcvMjAwMC9zdmciIHdpZHRoPSI2MDAiIGhlaWdodD0iNjAwIiB2aWV3Qm94PSIwIDAgNjAwIDYwMCI+PHJlY3Qgd2lkdGg9IjEwMCUiIGhlaWdodD0iMTAwJSIgc3R5bGU9ImZpbGw6I2NmZDRkYjtmaWxsLW9wYWNpdHk6IDAuMTsiLz48L3N2Zz4="
Toyota Hilux Vigo Champ Front Grill GR Style 2012-2016,https://pakmotors.pk/product/toyota-hilux-vigo-champ-front-grill-gr-style/,"Car Grilles, Modifications Accessories",-21%,"₨15,000","₨19,000",0out of 5,"data:image/svg+xml;base64,PHN2ZyB4bWxucz0iaHR0cDovL3d3dy53My5vcmcvMjAwMC9zdmciIHdpZHRoPSI2MDAiIGhlaWdodD0iNjAwIiB2aWV3Qm94PSIwIDAgNjAwIDYwMCI+PHJlY3Qgd2lkdGg9IjEwMCUiIGhlaWdodD0iMTAwJSIgc3R5bGU9ImZpbGw6I2NmZDRkYjtmaWxsLW9wYWNpdHk6IDAuMTsiLz48L3N2Zz4="
Toyota Hilux Vigo Front Grill GR Style LED 2005-2011,https://pakmotors.pk/product/toyota-hilux-vigo-front-grill-gr-style/,"Car Grilles, Modifications Accessories",-21%,"₨15,000","₨19,000",0out of 5,"data:image/svg+xml;base64,PHN2ZyB4bWxucz0iaHR0cDovL3d3dy53My5vcmcvMjAwMC9zdmciIHdpZHRoPSI2MDAiIGhlaWdodD0iNjA3IiB2aWV3Qm94PSIwIDAgNjAwIDYwNyI+PHJlY3Qgd2lkdGg9IjEwMCUiIGhlaWdodD0iMTAwJSIgc3R5bGU9ImZpbGw6I2NmZDRkYjtmaWxsLW9wYWNpdHk6IDAuMTsiLz48L3N2Zz4="
Toyota Hilux Vigo Raptor Style Grill 2005-2008 GMC grill,https://pakmotors.pk/product/toyota-hilux-vigo-raptor-style-front-grill-2005-2008/,"Car Grilles, Modifications Accessories",-29%,"₨14,500","₨20,500",0out of 5,"data:image/svg+xml;base64,PHN2ZyB4bWxucz0iaHR0cDovL3d3dy53My5vcmcvMjAwMC9zdmciIHdpZHRoPSI2MDAiIGhlaWdodD0iNjAwIiB2aWV3Qm94PSIwIDAgNjAwIDYwMCI+PHJlY3Qgd2lkdGg9IjEwMCUiIGhlaWdodD0iMTAwJSIgc3R5bGU9ImZpbGw6I2NmZDRkYjtmaWxsLW9wYWNpdHk6IDAuMTsiLz48L3N2Zz4="
Toyota Hilux Revo Rear Bumper 2016-2021- OEM,https://pakmotors.pk/product/toyota-hilux-revo-rear-bumper-2016-2021/,"Body Kits & Extensions, Modifications Accessories",-8%,"₨23,000","₨25,000",0out of 5,"data:image/svg+xml;base64,PHN2ZyB4bWxucz0iaHR0cDovL3d3dy53My5vcmcvMjAwMC9zdmciIHdpZHRoPSI2MDAiIGhlaWdodD0iNjAwIiB2aWV3Qm94PSIwIDAgNjAwIDYwMCI+PHJlY3Qgd2lkdGg9IjEwMCUiIGhlaWdodD0iMTAwJSIgc3R5bGU9ImZpbGw6I2NmZDRkYjtmaWxsLW9wYWNpdHk6IDAuMTsiLz48L3N2Zz4="
Toyota Yaris Trunk Ducktail Spoiler 2020-2024,https://pakmotors.pk/product/toyota-yaris-ducktail-spoiler/,"Car Spoilers, Toyota Yaris Accessories",-20%,,,0out of 5,"data:image/svg+xml;base64,PHN2ZyB4bWxucz0iaHR0cDovL3d3dy53My5vcmcvMjAwMC9zdmciIHdpZHRoPSI2MDAiIGhlaWdodD0iNDk0IiB2aWV3Qm94PSIwIDAgNjAwIDQ5NCI+PHJlY3Qgd2lkdGg9IjEwMCUiIGhlaWdodD0iMTAwJSIgc3R5bGU9ImZpbGw6I2NmZDRkYjtmaWxsLW9wYWNpdHk6IDAuMTsiLz48L3N2Zz4="
Toyota Hilux Rocco TRD Front Grill For 2021-2023,https://pakmotors.pk/product/toyota-hilux-rocco-trd-front-grill-for-2021-2023/,"Car Grilles, Modifications Accessories",-12%,"₨22,000","₨25,000",0out of 5,"data:image/svg+xml;base64,PHN2ZyB4bWxucz0iaHR0cDovL3d3dy53My5vcmcvMjAwMC9zdmciIHdpZHRoPSI2MDAiIGhlaWdodD0iNjAwIiB2aWV3Qm94PSIwIDAgNjAwIDYwMCI+PHJlY3Qgd2lkdGg9IjEwMCUiIGhlaWdodD0iMTAwJSIgc3R5bGU9ImZpbGw6I2NmZDRkYjtmaWxsLW9wYWNpdHk6IDAuMTsiLz48L3N2Zz4="
Toyota Hilux Rocco GR Front Grill For 2021-2023,https://pakmotors.pk/product/toyota-hilux-rocco-gr-sport-front-grill-for-2021-2023/,"Car Grilles, Modifications Accessories",-20%,"₨20,000","₨25,000",0out of 5,"data:image/svg+xml;base64,PHN2ZyB4bWxucz0iaHR0cDovL3d3dy53My5vcmcvMjAwMC9zdmciIHdpZHRoPSI2MDAiIGhlaWdodD0iNjAwIiB2aWV3Qm94PSIwIDAgNjAwIDYwMCI+PHJlY3Qgd2lkdGg9IjEwMCUiIGhlaWdodD0iMTAwJSIgc3R5bGU9ImZpbGw6I2NmZDRkYjtmaWxsLW9wYWNpdHk6IDAuMTsiLz48L3N2Zz4="
Changan Alsvin Trunk Spoiler Wing Style ABS,https://pakmotors.pk/product/changan-alsvin-trunk-spoiler-wing-style/,"Car Spoilers, Changan Alsvin Accessories, Modifications Accessories",-6%,"₨7,500","₨8,000",0out of 5,"data:image/svg+xml;base64,PHN2ZyB4bWxucz0iaHR0cDovL3d3dy53My5vcmcvMjAwMC9zdmciIHdpZHRoPSI2MDAiIGhlaWdodD0iNjAwIiB2aWV3Qm94PSIwIDAgNjAwIDYwMCI+PHJlY3Qgd2lkdGg9IjEwMCUiIGhlaWdodD0iMTAwJSIgc3R5bGU9ImZpbGw6I2NmZDRkYjtmaWxsLW9wYWNpdHk6IDAuMTsiLz48L3N2Zz4="
Honda Civic 2016-2020 Front Grill SI HoneyComb / Mesh Glossy Black,https://pakmotors.pk/product/honda-civic-front-grill-si-honey-comb-2016-2020/,"Car Grilles, Honda Civic Accessories, Modifications Accessories",-27%,"₨9,500","₨13,000",0out of 5,"data:image/svg+xml;base64,PHN2ZyB4bWxucz0iaHR0cDovL3d3dy53My5vcmcvMjAwMC9zdmciIHdpZHRoPSI2MDAiIGhlaWdodD0iNjAwIiB2aWV3Qm94PSIwIDAgNjAwIDYwMCI+PHJlY3Qgd2lkdGg9IjEwMCUiIGhlaWdodD0iMTAwJSIgc3R5bGU9ImZpbGw6I2NmZDRkYjtmaWxsLW9wYWNpdHk6IDAuMTsiLz48L3N2Zz4="
Suzuki Swift Rear Spoiler 2022,https://pakmotors.pk/product/suzuki-swift-roof-spoiler/,"Car Spoilers, Modifications Accessories, Suzuki SWIFT Accessories",-22%,"₨4,700","₨6,000",0out of 5,"data:image/svg+xml;base64,PHN2ZyB4bWxucz0iaHR0cDovL3d3dy53My5vcmcvMjAwMC9zdmciIHdpZHRoPSI2MDAiIGhlaWdodD0iNjAwIiB2aWV3Qm94PSIwIDAgNjAwIDYwMCI+PHJlY3Qgd2lkdGg9IjEwMCUiIGhlaWdodD0iMTAwJSIgc3R5bGU9ImZpbGw6I2NmZDRkYjtmaWxsLW9wYWNpdHk6IDAuMTsiLz48L3N2Zz4="
New Suzuki Swift Trunk Spoiler Batman Wing Style 2022-2024,https://pakmotors.pk/product/suzuki-swift-spoiler-batman-wing-style-2022-2023/,"Car Spoilers, Modifications Accessories, Suzuki SWIFT Accessories",-13%,"₨5,200","₨6,000",0out of 5,"data:image/svg+xml;base64,PHN2ZyB4bWxucz0iaHR0cDovL3d3dy53My5vcmcvMjAwMC9zdmciIHdpZHRoPSI2MDAiIGhlaWdodD0iNjAwIiB2aWV3Qm94PSIwIDAgNjAwIDYwMCI+PHJlY3Qgd2lkdGg9IjEwMCUiIGhlaWdodD0iMTAwJSIgc3R5bGU9ImZpbGw6I2NmZDRkYjtmaWxsLW9wYWNpdHk6IDAuMTsiLz48L3N2Zz4="
Toyota Corolla Front Grill GR Sports Carbon Fiber - 2018-2023,https://pakmotors.pk/product/toyota-corolla-gr-sports-front-grill-carbon-fiber/,"Car Grilles, Modifications Accessories, Toyota Corolla Accessories",-21%,"₨9,500","₨12,000",0out of 5,"data:image/svg+xml;base64,PHN2ZyB4bWxucz0iaHR0cDovL3d3dy53My5vcmcvMjAwMC9zdmciIHdpZHRoPSI1MDAiIGhlaWdodD0iMzc1IiB2aWV3Qm94PSIwIDAgNTAwIDM3NSI+PHJlY3Qgd2lkdGg9IjEwMCUiIGhlaWdodD0iMTAwJSIgc3R5bGU9ImZpbGw6I2NmZDRkYjtmaWxsLW9wYWNpdHk6IDAuMTsiLz48L3N2Zz4="
Suzuki Wagon R Front Grill Black Chrome Navara Style,https://pakmotors.pk/product/suzuki-wagon-r-front-grill-black-chrome/,"Car Grilles, Modifications Accessories, Suzuki Wagon R Accessories",-14%,"₨3,000","₨3,500",0out of 5,"data:image/svg+xml;base64,PHN2ZyB4bWxucz0iaHR0cDovL3d3dy53My5vcmcvMjAwMC9zdmciIHdpZHRoPSI2MDAiIGhlaWdodD0iNjAwIiB2aWV3Qm94PSIwIDAgNjAwIDYwMCI+PHJlY3Qgd2lkdGg9IjEwMCUiIGhlaWdodD0iMTAwJSIgc3R5bGU9ImZpbGw6I2NmZDRkYjtmaWxsLW9wYWNpdHk6IDAuMTsiLz48L3N2Zz4="
Suzuki Wagon R Front Grill Chrome Navara Style - White Red,https://pakmotors.pk/product/suzuki-wagon-r-front-grill-chrome/,"Car Grilles, Modifications Accessories, Suzuki Wagon R Accessories",-14%,"₨3,000","₨3,500",0out of 5,"data:image/svg+xml;base64,PHN2ZyB4bWxucz0iaHR0cDovL3d3dy53My5vcmcvMjAwMC9zdmciIHdpZHRoPSI2MDAiIGhlaWdodD0iNjAwIiB2aWV3Qm94PSIwIDAgNjAwIDYwMCI+PHJlY3Qgd2lkdGg9IjEwMCUiIGhlaWdodD0iMTAwJSIgc3R5bGU9ImZpbGw6I2NmZDRkYjtmaWxsLW9wYWNpdHk6IDAuMTsiLz48L3N2Zz4="
Suzuki Mehran Front Grill Black - TRD - Replacement Mesh Grill | Mehran Grille,https://pakmotors.pk/product/suzuki-mehran-car-front-grill/,"Car Grilles, Modifications Accessories, Suzuki MEHRAN Accessories",-29%,"₨2,500","₨3,500",0out of 5,"data:image/svg+xml;base64,PHN2ZyB4bWxucz0iaHR0cDovL3d3dy53My5vcmcvMjAwMC9zdmciIHdpZHRoPSI0MDAiIGhlaWdodD0iNDAwIiB2aWV3Qm94PSIwIDAgNDAwIDQwMCI+PHJlY3Qgd2lkdGg9IjEwMCUiIGhlaWdodD0iMTAwJSIgc3R5bGU9ImZpbGw6I2NmZDRkYjtmaWxsLW9wYWNpdHk6IDAuMTsiLz48L3N2Zz4="
Toyota Corolla GR Sports Front Grill For Model 2018-2023,https://pakmotors.pk/product/toyota-corolla-gr-sports-front-grill-for-model-2018-2023/,"Car Grilles, Modifications Accessories, Toyota Corolla Accessories",-21%,"₨9,500","₨12,000",0out of 5,"data:image/svg+xml;base64,PHN2ZyB4bWxucz0iaHR0cDovL3d3dy53My5vcmcvMjAwMC9zdmciIHdpZHRoPSI2MDAiIGhlaWdodD0iMjk2IiB2aWV3Qm94PSIwIDAgNjAwIDI5NiI+PHJlY3Qgd2lkdGg9IjEwMCUiIGhlaWdodD0iMTAwJSIgc3R5bGU9ImZpbGw6I2NmZDRkYjtmaWxsLW9wYWNpdHk6IDAuMTsiLz48L3N2Zz4="
Suzuki Every Front Grille Chrome,https://pakmotors.pk/product/suzuki-every-front-grille-chrome/,"Car Grilles, Modifications Accessories",-8%,"₨18,500","₨20,000",0out of 5,"data:image/svg+xml;base64,PHN2ZyB4bWxucz0iaHR0cDovL3d3dy53My5vcmcvMjAwMC9zdmciIHdpZHRoPSIxMjAwIiBoZWlnaHQ9IjUzNSIgdmlld0JveD0iMCAwIDEyMDAgNTM1Ij48cmVjdCB3aWR0aD0iMTAwJSIgaGVpZ2h0PSIxMDAlIiBzdHlsZT0iZmlsbDojY2ZkNGRiO2ZpbGwtb3BhY2l0eTogMC4xOyIvPjwvc3ZnPg=="
Toyota Yaris Lip Spoiler 2020-2024,https://pakmotors.pk/product/toyota-yaris-lip-spoiler-2020-2024/,"Car Spoilers, Toyota Yaris Accessories",-17%,"₨2,500","₨3,000",0out of 5,"data:image/svg+xml;base64,PHN2ZyB4bWxucz0iaHR0cDovL3d3dy53My5vcmcvMjAwMC9zdmciIHdpZHRoPSI2MDAiIGhlaWdodD0iNTk5IiB2aWV3Qm94PSIwIDAgNjAwIDU5OSI+PHJlY3Qgd2lkdGg9IjEwMCUiIGhlaWdodD0iMTAwJSIgc3R5bGU9ImZpbGw6I2NmZDRkYjtmaWxsLW9wYWNpdHk6IDAuMTsiLz48L3N2Zz4="
Changan Alsvin Trunk Lip Spoiler,https://pakmotors.pk/product/changan-alsvin-trunk-lip-spoiler/,"Car Spoilers, Changan Alsvin Accessories",-20%,"₨3,200","₨4,000",0out of 5,"data:image/svg+xml;base64,PHN2ZyB4bWxucz0iaHR0cDovL3d3dy53My5vcmcvMjAwMC9zdmciIHdpZHRoPSI1NTUiIGhlaWdodD0iNzUwIiB2aWV3Qm94PSIwIDAgNTU1IDc1MCI+PHJlY3Qgd2lkdGg9IjEwMCUiIGhlaWdodD0iMTAwJSIgc3R5bGU9ImZpbGw6I2NmZDRkYjtmaWxsLW9wYWNpdHk6IDAuMTsiLz48L3N2Zz4="
Changan Alsvin Trunk Spoiler With LED M-Type,https://pakmotors.pk/product/changan-alsvin-trunk-spoiler-led/,"Car Spoilers, Changan Alsvin Accessories",-15%,"₨4,700","₨5,500",0out of 5,"data:image/svg+xml;base64,PHN2ZyB4bWxucz0iaHR0cDovL3d3dy53My5vcmcvMjAwMC9zdmciIHdpZHRoPSI3MDAiIGhlaWdodD0iNzcwIiB2aWV3Qm94PSIwIDAgNzAwIDc3MCI+PHJlY3Qgd2lkdGg9IjEwMCUiIGhlaWdodD0iMTAwJSIgc3R5bGU9ImZpbGw6I2NmZDRkYjtmaWxsLW9wYWNpdHk6IDAuMTsiLz48L3N2Zz4="
Honda City Rear Trunk Spoiler 2022-2023-2024,https://pakmotors.pk/product/honda-city-rear-trunk-spoiler-2013-2017/,"Car Spoilers, Honda City Accessories",-16%,"₨4,000","₨4,750",0out of 5,"data:image/svg+xml;base64,PHN2ZyB4bWxucz0iaHR0cDovL3d3dy53My5vcmcvMjAwMC9zdmciIHdpZHRoPSI3MDAiIGhlaWdodD0iNzAwIiB2aWV3Qm94PSIwIDAgNzAwIDcwMCI+PHJlY3Qgd2lkdGg9IjEwMCUiIGhlaWdodD0iMTAwJSIgc3R5bGU9ImZpbGw6I2NmZDRkYjtmaWxsLW9wYWNpdHk6IDAuMTsiLz48L3N2Zz4="
Honda Civic Rebirth DuckTail Spoiler For 2012-2015,https://pakmotors.pk/product/honda-civic-rebirth-duck-tail-spoiler-for-2012-2015/,"Car Spoilers, Honda Civic Accessories",-14%,,,0out of 5,"data:image/svg+xml;base64,PHN2ZyB4bWxucz0iaHR0cDovL3d3dy53My5vcmcvMjAwMC9zdmciIHdpZHRoPSI2MDAiIGhlaWdodD0iNjAwIiB2aWV3Qm94PSIwIDAgNjAwIDYwMCI+PHJlY3Qgd2lkdGg9IjEwMCUiIGhlaWdodD0iMTAwJSIgc3R5bGU9ImZpbGw6I2NmZDRkYjtmaWxsLW9wYWNpdHk6IDAuMTsiLz48L3N2Zz4="
Honda Civic Reborn Trunk Spoiler with LED 2006-2012,https://pakmotors.pk/product/honda-civic-reborn-spoiler/,"Car Spoilers, Honda Civic Accessories",-15%,"₨4,700","₨5,500",0out of 5,"data:image/svg+xml;base64,PHN2ZyB4bWxucz0iaHR0cDovL3d3dy53My5vcmcvMjAwMC9zdmciIHdpZHRoPSI2MDAiIGhlaWdodD0iMzg1IiB2aWV3Qm94PSIwIDAgNjAwIDM4NSI+PHJlY3Qgd2lkdGg9IjEwMCUiIGhlaWdodD0iMTAwJSIgc3R5bGU9ImZpbGw6I2NmZDRkYjtmaWxsLW9wYWNpdHk6IDAuMTsiLz48L3N2Zz4="
Honda Civic Reborn Trunk Spoiler Model 2007-2012,https://pakmotors.pk/product/honda-civic-reborn-trunk-spoiler/,"Car Spoilers, Honda Civic Accessories",-12%,"₨2,200","₨2,500",0out of 5,"data:image/svg+xml;base64,PHN2ZyB4bWxucz0iaHR0cDovL3d3dy53My5vcmcvMjAwMC9zdmciIHdpZHRoPSI4MDAiIGhlaWdodD0iODAwIiB2aWV3Qm94PSIwIDAgODAwIDgwMCI+PHJlY3Qgd2lkdGg9IjEwMCUiIGhlaWdodD0iMTAwJSIgc3R5bGU9ImZpbGw6I2NmZDRkYjtmaWxsLW9wYWNpdHk6IDAuMTsiLz48L3N2Zz4="
Honda City Ducktail Spoiler Rear Wing R-Type 2021-2024,https://pakmotors.pk/product/honda-city-ducktail-spoiler-rear-wing-r-type-2015-2023/,"Car Spoilers, Honda City Accessories",,,,0out of 5,"data:image/svg+xml;base64,PHN2ZyB4bWxucz0iaHR0cDovL3d3dy53My5vcmcvMjAwMC9zdmciIHdpZHRoPSI2MDAiIGhlaWdodD0iNjAwIiB2aWV3Qm94PSIwIDAgNjAwIDYwMCI+PHJlY3Qgd2lkdGg9IjEwMCUiIGhlaWdodD0iMTAwJSIgc3R5bGU9ImZpbGw6I2NmZDRkYjtmaWxsLW9wYWNpdHk6IDAuMTsiLz48L3N2Zz4="
Honda City Spoiler With LED 2015 2016 2017 Tail Wing Primer Rear Trunk Spoiler,https://pakmotors.pk/product/honda-city-spoiler-2015-2017-tail-wing-primer-rear-trunk/,"Car Spoilers, Honda City Accessories",-14%,"₨4,300","₨5,000",0out of 5,"data:image/svg+xml;base64,PHN2ZyB4bWxucz0iaHR0cDovL3d3dy53My5vcmcvMjAwMC9zdmciIHdpZHRoPSI3MDAiIGhlaWdodD0iNjA5IiB2aWV3Qm94PSIwIDAgNzAwIDYwOSI+PHJlY3Qgd2lkdGg9IjEwMCUiIGhlaWdodD0iMTAwJSIgc3R5bGU9ImZpbGw6I2NmZDRkYjtmaWxsLW9wYWNpdHk6IDAuMTsiLz48L3N2Zz4="
Honda City Rear Trunk Spoiler Modulo With LED 2015 - 2022,https://pakmotors.pk/product/honda-city-rear-spoiler-with-led-break-light-2015-2018/,"Car Spoilers, Honda City Accessories",-15%,"₨4,699","₨5,500",0out of 5,"data:image/svg+xml;base64,PHN2ZyB4bWxucz0iaHR0cDovL3d3dy53My5vcmcvMjAwMC9zdmciIHdpZHRoPSI3MDAiIGhlaWdodD0iMzk0IiB2aWV3Qm94PSIwIDAgNzAwIDM5NCI+PHJlY3Qgd2lkdGg9IjEwMCUiIGhlaWdodD0iMTAwJSIgc3R5bGU9ImZpbGw6I2NmZDRkYjtmaWxsLW9wYWNpdHk6IDAuMTsiLz48L3N2Zz4="
HKS Double Pipe Burnt Exhaust Silencer Muffler Tip Stainless Steel,https://pakmotors.pk/product/hks-double-pipe-burnt-exhaust-silencer-muffler-tip-stainless-steel/,Exhaust Muffler Tips & Pipes,-13%,"₨4,800","₨5,500",0out of 5,"data:image/svg+xml;base64,PHN2ZyB4bWxucz0iaHR0cDovL3d3dy53My5vcmcvMjAwMC9zdmciIHdpZHRoPSI3MDAiIGhlaWdodD0iNjU3IiB2aWV3Qm94PSIwIDAgNzAwIDY1NyI+PHJlY3Qgd2lkdGg9IjEwMCUiIGhlaWdodD0iMTAwJSIgc3R5bGU9ImZpbGw6I2NmZDRkYjtmaWxsLW9wYWNpdHk6IDAuMTsiLz48L3N2Zz4="
Rear Trunk Spoiler For Honda Civic - Exterior Tuning Spoiler Wing Style,https://pakmotors.pk/product/spoiler-for-honda-civic-tuning-car-spoiler-wing/,"Car Spoilers, Honda Civic Accessories",-8%,"₨17,500","₨19,000",0out of 5,"data:image/svg+xml;base64,PHN2ZyB4bWxucz0iaHR0cDovL3d3dy53My5vcmcvMjAwMC9zdmciIHdpZHRoPSI3MDAiIGhlaWdodD0iNzAwIiB2aWV3Qm94PSIwIDAgNzAwIDcwMCI+PHJlY3Qgd2lkdGg9IjEwMCUiIGhlaWdodD0iMTAwJSIgc3R5bGU9ImZpbGw6I2NmZDRkYjtmaWxsLW9wYWNpdHk6IDAuMTsiLz48L3N2Zz4="
Tow Hook  JDM  Stainless Steel,https://pakmotors.pk/product/tow-hook-jdm-stainless-steel/,"Towing Products & Winches, Modifications Accessories",-4%,"₨2,400","₨2,500",0out of 5,"data:image/svg+xml;base64,PHN2ZyB4bWxucz0iaHR0cDovL3d3dy53My5vcmcvMjAwMC9zdmciIHdpZHRoPSI2MDAiIGhlaWdodD0iNjAwIiB2aWV3Qm94PSIwIDAgNjAwIDYwMCI+PHJlY3Qgd2lkdGg9IjEwMCUiIGhlaWdodD0iMTAwJSIgc3R5bGU9ImZpbGw6I2NmZDRkYjtmaWxsLW9wYWNpdHk6IDAuMTsiLz48L3N2Zz4="
Car Mirror Rain Shade 2 PCS,https://pakmotors.pk/product/car-mirror-rain-shade-2-pcs/,"Fancy Or Custome Side Mirrors, Modifications Accessories",-8%,₨550,₨600,0out of 5,"data:image/svg+xml;base64,PHN2ZyB4bWxucz0iaHR0cDovL3d3dy53My5vcmcvMjAwMC9zdmciIHdpZHRoPSI2MDAiIGhlaWdodD0iNjAwIiB2aWV3Qm94PSIwIDAgNjAwIDYwMCI+PHJlY3Qgd2lkdGg9IjEwMCUiIGhlaWdodD0iMTAwJSIgc3R5bGU9ImZpbGw6I2NmZDRkYjtmaWxsLW9wYWNpdHk6IDAuMTsiLz48L3N2Zz4="
Honda City Spoiler With Led Light Model - 2009-2021,https://pakmotors.pk/product/honda-city-2009-2021-spoiler-with-led-light/,"Car Spoilers, Honda City Accessories, Modifications Accessories",-14%,"₨4,300","₨5,000",0out of 5,"data:image/svg+xml;base64,PHN2ZyB4bWxucz0iaHR0cDovL3d3dy53My5vcmcvMjAwMC9zdmciIHdpZHRoPSI2MDAiIGhlaWdodD0iNjAwIiB2aWV3Qm94PSIwIDAgNjAwIDYwMCI+PHJlY3Qgd2lkdGg9IjEwMCUiIGhlaWdodD0iMTAwJSIgc3R5bGU9ImZpbGw6I2NmZDRkYjtmaWxsLW9wYWNpdHk6IDAuMTsiLz48L3N2Zz4="
Honda Civic Spoiler  Model  2001-2005,https://pakmotors.pk/product/honda-civic-2005-spoiler/,"Car Spoilers, Honda Civic Accessories, Modifications Accessories",-21%,"₨2,499","₨3,150",0out of 5,"data:image/svg+xml;base64,PHN2ZyB4bWxucz0iaHR0cDovL3d3dy53My5vcmcvMjAwMC9zdmciIHdpZHRoPSI4MDAiIGhlaWdodD0iODAwIiB2aWV3Qm94PSIwIDAgODAwIDgwMCI+PHJlY3Qgd2lkdGg9IjEwMCUiIGhlaWdodD0iMTAwJSIgc3R5bGU9ImZpbGw6I2NmZDRkYjtmaWxsLW9wYWNpdHk6IDAuMTsiLz48L3N2Zz4="
Suzuki Alto Trunk Spoiler 660c - Model 2018-2024,https://pakmotors.pk/product/alto-new-spoiler/,"Suzuki ALTO Accessories, Car Spoilers, Modifications Accessories",-33%,,,0out of 5,"data:image/svg+xml;base64,PHN2ZyB4bWxucz0iaHR0cDovL3d3dy53My5vcmcvMjAwMC9zdmciIHdpZHRoPSI2ODAiIGhlaWdodD0iNjgwIiB2aWV3Qm94PSIwIDAgNjgwIDY4MCI+PHJlY3Qgd2lkdGg9IjEwMCUiIGhlaWdodD0iMTAwJSIgc3R5bGU9ImZpbGw6I2NmZDRkYjtmaWxsLW9wYWNpdHk6IDAuMTsiLz48L3N2Zz4="
Toyota Corolla Small Lip Spoiler Model 2008-2014,https://pakmotors.pk/product/corolla-2010-spoiler/,"Car Spoilers, Modifications Accessories, Toyota Corolla Accessories",-5%,"₨3,000","₨3,150",0out of 5,"data:image/svg+xml;base64,PHN2ZyB4bWxucz0iaHR0cDovL3d3dy53My5vcmcvMjAwMC9zdmciIHdpZHRoPSI2MDAiIGhlaWdodD0iNjAwIiB2aWV3Qm94PSIwIDAgNjAwIDYwMCI+PHJlY3Qgd2lkdGg9IjEwMCUiIGhlaWdodD0iMTAwJSIgc3R5bGU9ImZpbGw6I2NmZDRkYjtmaWxsLW9wYWNpdHk6IDAuMTsiLz48L3N2Zz4="
Suzuki Wagon R Side View Mirror 1 pcs,https://pakmotors.pk/product/wagonr-car-side-view-mirror-1-pcs/,"Fancy Or Custome Side Mirrors, Modifications Accessories, Suzuki Wagon R Accessories",-5%,"₨3,800","₨4,000",0out of 5,"data:image/svg+xml;base64,PHN2ZyB4bWxucz0iaHR0cDovL3d3dy53My5vcmcvMjAwMC9zdmciIHdpZHRoPSI2MDAiIGhlaWdodD0iNjAwIiB2aWV3Qm94PSIwIDAgNjAwIDYwMCI+PHJlY3Qgd2lkdGg9IjEwMCUiIGhlaWdodD0iMTAwJSIgc3R5bGU9ImZpbGw6I2NmZDRkYjtmaWxsLW9wYWNpdHk6IDAuMTsiLz48L3N2Zz4="
Suzuki Mehran Fancy Side Mirrors Pair,https://pakmotors.pk/product/mehran-car-side-view-mirrors/,"Fancy Or Custome Side Mirrors, Modifications Accessories, Suzuki MEHRAN Accessories",-6%,₨750,₨800,0out of 5,"data:image/svg+xml;base64,PHN2ZyB4bWxucz0iaHR0cDovL3d3dy53My5vcmcvMjAwMC9zdmciIHdpZHRoPSI2MDAiIGhlaWdodD0iNjAwIiB2aWV3Qm94PSIwIDAgNjAwIDYwMCI+PHJlY3Qgd2lkdGg9IjEwMCUiIGhlaWdodD0iMTAwJSIgc3R5bGU9ImZpbGw6I2NmZDRkYjtmaWxsLW9wYWNpdHk6IDAuMTsiLz48L3N2Zz4="
Stainless Steel Exhaust Pipe For Mitsubishi Pajero | Tailpipe Muffler Tip,https://pakmotors.pk/product/silancer-cover-pajero/,"Exhaust Muffler Tips & Pipes, Modifications Accessories",-6%,₨850,₨900,0out of 5,"data:image/svg+xml;base64,PHN2ZyB4bWxucz0iaHR0cDovL3d3dy53My5vcmcvMjAwMC9zdmciIHdpZHRoPSI2NDAiIGhlaWdodD0iNjQwIiB2aWV3Qm94PSIwIDAgNjQwIDY0MCI+PHJlY3Qgd2lkdGg9IjEwMCUiIGhlaWdodD0iMTAwJSIgc3R5bGU9ImZpbGw6I2NmZDRkYjtmaWxsLW9wYWNpdHk6IDAuMTsiLz48L3N2Zz4="
Suzuki Cultus Roof Spoiler Model - Model 2017-2021,https://pakmotors.pk/product/spoiler-cultus-new/,"Car Spoilers, Modifications Accessories, Suzuki Cultus Accessories",-4%,"₨5,500","₨5,750",0out of 5,"data:image/svg+xml;base64,PHN2ZyB4bWxucz0iaHR0cDovL3d3dy53My5vcmcvMjAwMC9zdmciIHdpZHRoPSI2MDAiIGhlaWdodD0iNjAwIiB2aWV3Qm94PSIwIDAgNjAwIDYwMCI+PHJlY3Qgd2lkdGg9IjEwMCUiIGhlaWdodD0iMTAwJSIgc3R5bGU9ImZpbGw6I2NmZDRkYjtmaWxsLW9wYWNpdHk6IDAuMTsiLz48L3N2Zz4="
Honda Civic Front Splitter ABS Plastic,https://pakmotors.pk/product/honda-civic-front-splitter-abs-plastic/,"Honda Civic Accessories, Modifications Accessories, Splitters & Canards",-3%,"₨6,700","₨6,900",0out of 5,"data:image/svg+xml;base64,PHN2ZyB4bWxucz0iaHR0cDovL3d3dy53My5vcmcvMjAwMC9zdmciIHdpZHRoPSI2MDAiIGhlaWdodD0iNjAwIiB2aWV3Qm94PSIwIDAgNjAwIDYwMCI+PHJlY3Qgd2lkdGg9IjEwMCUiIGhlaWdodD0iMTAwJSIgc3R5bGU9ImZpbGw6I2NmZDRkYjtmaWxsLW9wYWNpdHk6IDAuMTsiLz48L3N2Zz4="
Universal Car Front Bumper Lip Carbon Fiber Rubber,https://pakmotors.pk/product/universal-car-front-bumper-lip-carbon-fiber-rubber/,"Modifications Accessories, Rubber Lip & Extensions",-8%,"₨1,700","₨1,850",0out of 5,"data:image/svg+xml;base64,PHN2ZyB4bWxucz0iaHR0cDovL3d3dy53My5vcmcvMjAwMC9zdmciIHdpZHRoPSI2MDAiIGhlaWdodD0iNjAwIiB2aWV3Qm94PSIwIDAgNjAwIDYwMCI+PHJlY3Qgd2lkdGg9IjEwMCUiIGhlaWdodD0iMTAwJSIgc3R5bGU9ImZpbGw6I2NmZDRkYjtmaWxsLW9wYWNpdHk6IDAuMTsiLz48L3N2Zz4="
Car Universal Engine Push Start Button,https://pakmotors.pk/product/car-universal-engine-push-start-button/,"Modifications Accessories, Push Engine Starters",-5%,"₨3,000","₨3,150",0out of 5,"data:image/svg+xml;base64,PHN2ZyB4bWxucz0iaHR0cDovL3d3dy53My5vcmcvMjAwMC9zdmciIHdpZHRoPSI2MDAiIGhlaWdodD0iNjAwIiB2aWV3Qm94PSIwIDAgNjAwIDYwMCI+PHJlY3Qgd2lkdGg9IjEwMCUiIGhlaWdodD0iMTAwJSIgc3R5bGU9ImZpbGw6I2NmZDRkYjtmaWxsLW9wYWNpdHk6IDAuMTsiLz48L3N2Zz4="
Password jdm hood spacers,https://pakmotors.pk/product/password-jdm-hood-spacers/,"JDM Accessories, Modifications Accessories",-4%,"₨1,100","₨1,150",0out of 5,"data:image/svg+xml;base64,PHN2ZyB4bWxucz0iaHR0cDovL3d3dy53My5vcmcvMjAwMC9zdmciIHdpZHRoPSI2MDAiIGhlaWdodD0iNjAwIiB2aWV3Qm94PSIwIDAgNjAwIDYwMCI+PHJlY3Qgd2lkdGg9IjEwMCUiIGhlaWdodD0iMTAwJSIgc3R5bGU9ImZpbGw6I2NmZDRkYjtmaWxsLW9wYWNpdHk6IDAuMTsiLz48L3N2Zz4="
Honda Civic SI Grille Black with Logo - Model 2016-2021,https://pakmotors.pk/product/honda-civic-si-grille-black/,"Car Grilles, Honda Civic Accessories, Modifications Accessories",-8%,"₨11,000","₨12,000",0out of 5,"data:image/svg+xml;base64,PHN2ZyB4bWxucz0iaHR0cDovL3d3dy53My5vcmcvMjAwMC9zdmciIHdpZHRoPSI2MDAiIGhlaWdodD0iNjAwIiB2aWV3Qm94PSIwIDAgNjAwIDYwMCI+PHJlY3Qgd2lkdGg9IjEwMCUiIGhlaWdodD0iMTAwJSIgc3R5bGU9ImZpbGw6I2NmZDRkYjtmaWxsLW9wYWNpdHk6IDAuMTsiLz48L3N2Zz4="
Toyota Corolla Quarter Glass Evo Rack Louver Vents 2 Pcs Model 2014-2021,https://pakmotors.pk/product/toyota-corolla-quarter-glass-evo-rack-louver-vents-2-pcs/,"Louver & Window Racks, Modifications Accessories, Toyota Corolla Accessories",-11%,"₨5,000","₨5,600",0out of 5,"data:image/svg+xml;base64,PHN2ZyB4bWxucz0iaHR0cDovL3d3dy53My5vcmcvMjAwMC9zdmciIHdpZHRoPSI2MDAiIGhlaWdodD0iNjAwIiB2aWV3Qm94PSIwIDAgNjAwIDYwMCI+PHJlY3Qgd2lkdGg9IjEwMCUiIGhlaWdodD0iMTAwJSIgc3R5bGU9ImZpbGw6I2NmZDRkYjtmaWxsLW9wYWNpdHk6IDAuMTsiLz48L3N2Zz4="
Honda Civic Side Fender Vents Air Flow Model 2016-2021,https://pakmotors.pk/product/honda-civic-side-fender-vents-air-flow/,"Fender Flares, Honda Civic Accessories, Modifications Accessories",-9%,"₨2,000","₨2,200",0out of 5,"data:image/svg+xml;base64,PHN2ZyB4bWxucz0iaHR0cDovL3d3dy53My5vcmcvMjAwMC9zdmciIHdpZHRoPSI2MDAiIGhlaWdodD0iNjAwIiB2aWV3Qm94PSIwIDAgNjAwIDYwMCI+PHJlY3Qgd2lkdGg9IjEwMCUiIGhlaWdodD0iMTAwJSIgc3R5bGU9ImZpbGw6I2NmZDRkYjtmaWxsLW9wYWNpdHk6IDAuMTsiLz48L3N2Zz4="
Honda City Trunk Spoiler Lip Model 2022-2023,https://pakmotors.pk/product/honda-city-2022-2023-trunk-spoiler/,"Car Spoilers, Honda City Accessories, Modifications Accessories",-36%,"₨3,200","₨5,000",0out of 5,"data:image/svg+xml;base64,PHN2ZyB4bWxucz0iaHR0cDovL3d3dy53My5vcmcvMjAwMC9zdmciIHdpZHRoPSI2MDAiIGhlaWdodD0iNjAwIiB2aWV3Qm94PSIwIDAgNjAwIDYwMCI+PHJlY3Qgd2lkdGg9IjEwMCUiIGhlaWdodD0iMTAwJSIgc3R5bGU9ImZpbGw6I2NmZDRkYjtmaWxsLW9wYWNpdHk6IDAuMTsiLz48L3N2Zz4="
Honda City Lip Spoiler - Model 2008-2021,https://pakmotors.pk/product/honda-city-2008-2021-trunk-lip-spoiler/,"Car Spoilers, Honda City Accessories, Modifications Accessories",-26%,"₨3,700","₨5,000",0out of 5,"data:image/svg+xml;base64,PHN2ZyB4bWxucz0iaHR0cDovL3d3dy53My5vcmcvMjAwMC9zdmciIHdpZHRoPSI2MDAiIGhlaWdodD0iNjAwIiB2aWV3Qm94PSIwIDAgNjAwIDYwMCI+PHJlY3Qgd2lkdGg9IjEwMCUiIGhlaWdodD0iMTAwJSIgc3R5bGU9ImZpbGw6I2NmZDRkYjtmaWxsLW9wYWNpdHk6IDAuMTsiLz48L3N2Zz4="
Universal Car Spoiler with Led light,https://pakmotors.pk/product/spoiler-universal-with-light/,"Car Spoilers, Modifications Accessories",-9%,"₨5,000","₨5,500",0out of 5,"data:image/svg+xml;base64,PHN2ZyB4bWxucz0iaHR0cDovL3d3dy53My5vcmcvMjAwMC9zdmciIHdpZHRoPSI3MDAiIGhlaWdodD0iMzY0IiB2aWV3Qm94PSIwIDAgNzAwIDM2NCI+PHJlY3Qgd2lkdGg9IjEwMCUiIGhlaWdodD0iMTAwJSIgc3R5bGU9ImZpbGw6I2NmZDRkYjtmaWxsLW9wYWNpdHk6IDAuMTsiLz48L3N2Zz4="
Honda Civic X 2016-2021 Trunk Lip Spoiler,https://pakmotors.pk/product/honda-civic-2016-2021-trunk-lip-spoiler/,"Car Spoilers, Honda Civic Accessories, Modifications Accessories",-14%,"₨3,000","₨3,500",0out of 5,"data:image/svg+xml;base64,PHN2ZyB4bWxucz0iaHR0cDovL3d3dy53My5vcmcvMjAwMC9zdmciIHdpZHRoPSI2MDAiIGhlaWdodD0iNjAwIiB2aWV3Qm94PSIwIDAgNjAwIDYwMCI+PHJlY3Qgd2lkdGg9IjEwMCUiIGhlaWdodD0iMTAwJSIgc3R5bGU9ImZpbGw6I2NmZDRkYjtmaWxsLW9wYWNpdHk6IDAuMTsiLz48L3N2Zz4="
Honda City Lip Spoiler  Model 2004-2008,https://pakmotors.pk/product/honda-city-2004-2008-lip-spoiler/,"Car Spoilers, Honda City Accessories, Modifications Accessories",-30%,"₨2,800","₨4,000",0out of 5,"data:image/svg+xml;base64,PHN2ZyB4bWxucz0iaHR0cDovL3d3dy53My5vcmcvMjAwMC9zdmciIHdpZHRoPSI2MDAiIGhlaWdodD0iNjAwIiB2aWV3Qm94PSIwIDAgNjAwIDYwMCI+PHJlY3Qgd2lkdGg9IjEwMCUiIGhlaWdodD0iMTAwJSIgc3R5bGU9ImZpbGw6I2NmZDRkYjtmaWxsLW9wYWNpdHk6IDAuMTsiLz48L3N2Zz4="
Suzuki Mehran Spoiler with Led  Model 2012-2017,https://pakmotors.pk/product/spoiler-mehran/,"Car Spoilers, Modifications Accessories, Suzuki MEHRAN Accessories",-16%,"₨3,800","₨4,500",0out of 5,"data:image/svg+xml;base64,PHN2ZyB4bWxucz0iaHR0cDovL3d3dy53My5vcmcvMjAwMC9zdmciIHdpZHRoPSIxOTIwIiBoZWlnaHQ9IjEyODAiIHZpZXdCb3g9IjAgMCAxOTIwIDEyODAiPjxyZWN0IHdpZHRoPSIxMDAlIiBoZWlnaHQ9IjEwMCUiIHN0eWxlPSJmaWxsOiNjZmQ0ZGI7ZmlsbC1vcGFjaXR5OiAwLjE7Ii8+PC9zdmc+"
Honda Civic Rebirth Spoiler Model 2012-2016,https://pakmotors.pk/product/spoiler-civic-13-white/,"Car Spoilers, Honda Civic Accessories, Modifications Accessories",-7%,"₨4,000","₨4,300",0out of 5,"data:image/svg+xml;base64,PHN2ZyB4bWxucz0iaHR0cDovL3d3dy53My5vcmcvMjAwMC9zdmciIHdpZHRoPSI2MDAiIGhlaWdodD0iNjAwIiB2aWV3Qm94PSIwIDAgNjAwIDYwMCI+PHJlY3Qgd2lkdGg9IjEwMCUiIGhlaWdodD0iMTAwJSIgc3R5bGU9ImZpbGw6I2NmZDRkYjtmaWxsLW9wYWNpdHk6IDAuMTsiLz48L3N2Zz4="
Suzuki Mehran Side Window Quarter Glass Cover Vent Set,https://pakmotors.pk/product/mehran-quarter-glass-covers/,"Louver & Window Racks, Modifications Accessories, Suzuki MEHRAN Accessories",-13%,"₨2,000","₨2,300",0out of 5,"data:image/svg+xml;base64,PHN2ZyB4bWxucz0iaHR0cDovL3d3dy53My5vcmcvMjAwMC9zdmciIHdpZHRoPSI2MDAiIGhlaWdodD0iNDM2IiB2aWV3Qm94PSIwIDAgNjAwIDQzNiI+PHJlY3Qgd2lkdGg9IjEwMCUiIGhlaWdodD0iMTAwJSIgc3R5bGU9ImZpbGw6I2NmZDRkYjtmaWxsLW9wYWNpdHk6IDAuMTsiLz48L3N2Zz4="
CAR FENDER CLIPS UNIVERSAL TRD STYLE,https://pakmotors.pk/product/car-fender-clips-universal-trd-style/,"Fender Clips & Washers, Modifications Accessories",-6%,₨750,₨800,0out of 5,"data:image/svg+xml;base64,PHN2ZyB4bWxucz0iaHR0cDovL3d3dy53My5vcmcvMjAwMC9zdmciIHdpZHRoPSI4NjMiIGhlaWdodD0iMTUzNiIgdmlld0JveD0iMCAwIDg2MyAxNTM2Ij48cmVjdCB3aWR0aD0iMTAwJSIgaGVpZ2h0PSIxMDAlIiBzdHlsZT0iZmlsbDojY2ZkNGRiO2ZpbGwtb3BhY2l0eTogMC4xOyIvPjwvc3ZnPg=="
CAR FENDER CLIPS UNIVERSAL MOMO STYLE,https://pakmotors.pk/product/car-fender-clips-universal-momo-style/,"Fender Clips & Washers, Modifications Accessories",-6%,₨750,₨800,0out of 5,"data:image/svg+xml;base64,PHN2ZyB4bWxucz0iaHR0cDovL3d3dy53My5vcmcvMjAwMC9zdmciIHdpZHRoPSIxMzUwIiBoZWlnaHQ9IjkwMCIgdmlld0JveD0iMCAwIDEzNTAgOTAwIj48cmVjdCB3aWR0aD0iMTAwJSIgaGVpZ2h0PSIxMDAlIiBzdHlsZT0iZmlsbDojY2ZkNGRiO2ZpbGwtb3BhY2l0eTogMC4xOyIvPjwvc3ZnPg=="
CAR FENDER CLIPS UNIVERSAL CARBON FIBER,https://pakmotors.pk/product/car-fender-clips-universal-carbon-fiber/,"Fender Clips & Washers, Modifications Accessories",-6%,₨750,₨800,0out of 5,"data:image/svg+xml;base64,PHN2ZyB4bWxucz0iaHR0cDovL3d3dy53My5vcmcvMjAwMC9zdmciIHdpZHRoPSIxMDc5IiBoZWlnaHQ9IjE5MjAiIHZpZXdCb3g9IjAgMCAxMDc5IDE5MjAiPjxyZWN0IHdpZHRoPSIxMDAlIiBoZWlnaHQ9IjEwMCUiIHN0eWxlPSJmaWxsOiNjZmQ0ZGI7ZmlsbC1vcGFjaXR5OiAwLjE7Ii8+PC9zdmc+"
CAR FENDER CLIPS UNIVERSAL BLUE,https://pakmotors.pk/product/car-fender-clips-universal-blue/,"Fender Clips & Washers, Modifications Accessories",-6%,₨750,₨800,0out of 5,"data:image/svg+xml;base64,PHN2ZyB4bWxucz0iaHR0cDovL3d3dy53My5vcmcvMjAwMC9zdmciIHdpZHRoPSIxMDc5IiBoZWlnaHQ9IjE5MjAiIHZpZXdCb3g9IjAgMCAxMDc5IDE5MjAiPjxyZWN0IHdpZHRoPSIxMDAlIiBoZWlnaHQ9IjEwMCUiIHN0eWxlPSJmaWxsOiNjZmQ0ZGI7ZmlsbC1vcGFjaXR5OiAwLjE7Ii8+PC9zdmc+"
CAR FENDER CLIPS UNIVERSAL BLACK,https://pakmotors.pk/product/car-fender-clips-universal-black/,"Fender Clips & Washers, Modifications Accessories",-6%,₨750,₨800,0out of 5,"data:image/svg+xml;base64,PHN2ZyB4bWxucz0iaHR0cDovL3d3dy53My5vcmcvMjAwMC9zdmciIHdpZHRoPSIxMDc5IiBoZWlnaHQ9IjE5MjAiIHZpZXdCb3g9IjAgMCAxMDc5IDE5MjAiPjxyZWN0IHdpZHRoPSIxMDAlIiBoZWlnaHQ9IjEwMCUiIHN0eWxlPSJmaWxsOiNjZmQ0ZGI7ZmlsbC1vcGFjaXR5OiAwLjE7Ii8+PC9zdmc+"
Stainless Steel Silencer Cover - Small,https://pakmotors.pk/product/silancer-cover-small/,"Exhaust Muffler Tips & Pipes, Modifications Accessories",-10%,₨450,₨500,0out of 5,"data:image/svg+xml;base64,PHN2ZyB4bWxucz0iaHR0cDovL3d3dy53My5vcmcvMjAwMC9zdmciIHdpZHRoPSIxOTIwIiBoZWlnaHQ9IjEyODAiIHZpZXdCb3g9IjAgMCAxOTIwIDEyODAiPjxyZWN0IHdpZHRoPSIxMDAlIiBoZWlnaHQ9IjEwMCUiIHN0eWxlPSJmaWxsOiNjZmQ0ZGI7ZmlsbC1vcGFjaXR5OiAwLjE7Ii8+PC9zdmc+"
Silancer cover silver+red,https://pakmotors.pk/product/silancer-cover-silverred/,"Exhaust Muffler Tips & Pipes, Modifications Accessories",-8%,₨550,₨600,0out of 5,"data:image/svg+xml;base64,PHN2ZyB4bWxucz0iaHR0cDovL3d3dy53My5vcmcvMjAwMC9zdmciIHdpZHRoPSIxOTIwIiBoZWlnaHQ9IjEyODAiIHZpZXdCb3g9IjAgMCAxOTIwIDEyODAiPjxyZWN0IHdpZHRoPSIxMDAlIiBoZWlnaHQ9IjEwMCUiIHN0eWxlPSJmaWxsOiNjZmQ0ZGI7ZmlsbC1vcGFjaXR5OiAwLjE7Ii8+PC9zdmc+"
Stainless Steel Silencer Cover - Medium,https://pakmotors.pk/product/silancer-cover-medium/,"Exhaust Muffler Tips & Pipes, Modifications Accessories",-8%,₨550,₨600,0out of 5,"data:image/svg+xml;base64,PHN2ZyB4bWxucz0iaHR0cDovL3d3dy53My5vcmcvMjAwMC9zdmciIHdpZHRoPSIxOTIwIiBoZWlnaHQ9IjEyODAiIHZpZXdCb3g9IjAgMCAxOTIwIDEyODAiPjxyZWN0IHdpZHRoPSIxMDAlIiBoZWlnaHQ9IjEwMCUiIHN0eWxlPSJmaWxsOiNjZmQ0ZGI7ZmlsbC1vcGFjaXR5OiAwLjE7Ii8+PC9zdmc+"
Universal Car Exhaust Pipe Stainless Steel Silencer Cover Double Tip | Red Color,https://pakmotors.pk/product/silancer-cover-double-red/,"Exhaust Muffler Tips & Pipes, Modifications Accessories",-19%,₨850,"₨1,050",0out of 5,"data:image/svg+xml;base64,PHN2ZyB4bWxucz0iaHR0cDovL3d3dy53My5vcmcvMjAwMC9zdmciIHdpZHRoPSI5MDAiIGhlaWdodD0iNjAwIiB2aWV3Qm94PSIwIDAgOTAwIDYwMCI+PHJlY3Qgd2lkdGg9IjEwMCUiIGhlaWdodD0iMTAwJSIgc3R5bGU9ImZpbGw6I2NmZDRkYjtmaWxsLW9wYWNpdHk6IDAuMTsiLz48L3N2Zz4="
Universal Car Exhaust Pipe Stainless Steel Silencer Cover Double TIP | Black Color,https://pakmotors.pk/product/silancer-cover-double-black/,"Exhaust Muffler Tips & Pipes, Modifications Accessories",-19%,₨850,"₨1,050",0out of 5,"data:image/svg+xml;base64,PHN2ZyB4bWxucz0iaHR0cDovL3d3dy53My5vcmcvMjAwMC9zdmciIHdpZHRoPSI5MDAiIGhlaWdodD0iNjAwIiB2aWV3Qm94PSIwIDAgOTAwIDYwMCI+PHJlY3Qgd2lkdGg9IjEwMCUiIGhlaWdodD0iMTAwJSIgc3R5bGU9ImZpbGw6I2NmZDRkYjtmaWxsLW9wYWNpdHk6IDAuMTsiLz48L3N2Zz4="
Car Front Bumper Strap Tow Hook - Red,https://pakmotors.pk/product/car-front-bumper-strap-tow-hook-red/,"Modifications Accessories, Towing Products & Winches",-13%,₨350,₨400,0out of 5,"data:image/svg+xml;base64,PHN2ZyB4bWxucz0iaHR0cDovL3d3dy53My5vcmcvMjAwMC9zdmciIHdpZHRoPSIxMDc5IiBoZWlnaHQ9IjE5MjAiIHZpZXdCb3g9IjAgMCAxMDc5IDE5MjAiPjxyZWN0IHdpZHRoPSIxMDAlIiBoZWlnaHQ9IjEwMCUiIHN0eWxlPSJmaWxsOiNjZmQ0ZGI7ZmlsbC1vcGFjaXR5OiAwLjE7Ii8+PC9zdmc+"
Car Front Bumper Strap Tow Hook - BLUE,https://pakmotors.pk/product/car-front-bumper-strap-tow-hook-blue/,"Modifications Accessories, Towing Products & Winches",-13%,₨350,₨400,0out of 5,"data:image/svg+xml;base64,PHN2ZyB4bWxucz0iaHR0cDovL3d3dy53My5vcmcvMjAwMC9zdmciIHdpZHRoPSIxMDc5IiBoZWlnaHQ9IjE5MjAiIHZpZXdCb3g9IjAgMCAxMDc5IDE5MjAiPjxyZWN0IHdpZHRoPSIxMDAlIiBoZWlnaHQ9IjEwMCUiIHN0eWxlPSJmaWxsOiNjZmQ0ZGI7ZmlsbC1vcGFjaXR5OiAwLjE7Ii8+PC9zdmc+"
Car Front Bumper Strap Tow Hook - BLACK,https://pakmotors.pk/product/car-front-bumper-strap-tow-hook-black/,"Modifications Accessories, Towing Products & Winches",-13%,₨350,₨400,0out of 5,"data:image/svg+xml;base64,PHN2ZyB4bWxucz0iaHR0cDovL3d3dy53My5vcmcvMjAwMC9zdmciIHdpZHRoPSIxMDc5IiBoZWlnaHQ9IjE5MjAiIHZpZXdCb3g9IjAgMCAxMDc5IDE5MjAiPjxyZWN0IHdpZHRoPSIxMDAlIiBoZWlnaHQ9IjEwMCUiIHN0eWxlPSJmaWxsOiNjZmQ0ZGI7ZmlsbC1vcGFjaXR5OiAwLjE7Ii8+PC9zdmc+"
"4 Ton Long Super Strong Emergency Tow Strap Rope, Heavy Duty Recovery & Towing Rope, Tow Belt For Car With Hooks - Yellow",https://pakmotors.pk/product/tow-chain/,"Modifications Accessories, Towing Products & Winches",-3%,"₨1,500","₨1,550",0out of 5,"data:image/svg+xml;base64,PHN2ZyB4bWxucz0iaHR0cDovL3d3dy53My5vcmcvMjAwMC9zdmciIHdpZHRoPSI5MzUiIGhlaWdodD0iNjAwIiB2aWV3Qm94PSIwIDAgOTM1IDYwMCI+PHJlY3Qgd2lkdGg9IjEwMCUiIGhlaWdodD0iMTAwJSIgc3R5bGU9ImZpbGw6I2NmZDRkYjtmaWxsLW9wYWNpdHk6IDAuMTsiLz48L3N2Zz4="
POLICE GRILL LIGHT,https://pakmotors.pk/product/police-grill-light/,Modifications Accessories,-20%,₨800,"₨1,000",0out of 5,"data:image/svg+xml;base64,PHN2ZyB4bWxucz0iaHR0cDovL3d3dy53My5vcmcvMjAwMC9zdmciIHdpZHRoPSIxOTIwIiBoZWlnaHQ9IjEyODAiIHZpZXdCb3g9IjAgMCAxOTIwIDEyODAiPjxyZWN0IHdpZHRoPSIxMDAlIiBoZWlnaHQ9IjEwMCUiIHN0eWxlPSJmaWxsOiNjZmQ0ZGI7ZmlsbC1vcGFjaXR5OiAwLjE7Ii8+PC9zdmc+"
Car Exhaust Turbo Whistler Small,https://pakmotors.pk/product/exsust-turbo-sound-whistle-small/,"Exhaust Systems, Modifications Accessories",-10%,₨900,"₨1,000",0out of 5,"data:image/svg+xml;base64,PHN2ZyB4bWxucz0iaHR0cDovL3d3dy53My5vcmcvMjAwMC9zdmciIHdpZHRoPSIxOTIwIiBoZWlnaHQ9IjEyODAiIHZpZXdCb3g9IjAgMCAxOTIwIDEyODAiPjxyZWN0IHdpZHRoPSIxMDAlIiBoZWlnaHQ9IjEwMCUiIHN0eWxlPSJmaWxsOiNjZmQ0ZGI7ZmlsbC1vcGFjaXR5OiAwLjE7Ii8+PC9zdmc+"
Suzuki Wagon R Spoiler With LED Model - 2014-2021,https://pakmotors.pk/product/wagonr-spoiler-with-light-fiber/,"Car Spoilers, Modifications Accessories, Suzuki Wagon R Accessories",-32%,"₨3,200","₨4,700",0out of 5,"data:image/svg+xml;base64,PHN2ZyB4bWxucz0iaHR0cDovL3d3dy53My5vcmcvMjAwMC9zdmciIHdpZHRoPSI3NTAiIGhlaWdodD0iNzUwIiB2aWV3Qm94PSIwIDAgNzUwIDc1MCI+PHJlY3Qgd2lkdGg9IjEwMCUiIGhlaWdodD0iMTAwJSIgc3R5bGU9ImZpbGw6I2NmZDRkYjtmaWxsLW9wYWNpdHk6IDAuMTsiLz48L3N2Zz4="
Side Mirror For Suzuki Cultus Old Set of 2 Pcs,https://pakmotors.pk/product/side-mirror-for-cultus-old-set-of-2-pcs/,"Modifications Accessories, Side View Mirrors, Suzuki Cultus Accessories",-10%,"₨1,400","₨1,550",0out of 5,"data:image/svg+xml;base64,PHN2ZyB4bWxucz0iaHR0cDovL3d3dy53My5vcmcvMjAwMC9zdmciIHdpZHRoPSI2MDAiIGhlaWdodD0iNjAwIiB2aWV3Qm94PSIwIDAgNjAwIDYwMCI+PHJlY3Qgd2lkdGg9IjEwMCUiIGhlaWdodD0iMTAwJSIgc3R5bGU9ImZpbGw6I2NmZDRkYjtmaWxsLW9wYWNpdHk6IDAuMTsiLz48L3N2Zz4="
Toyota Corolla Side Foot Panel Skirts Fiber Glass Pair - Model 2015-2021,https://pakmotors.pk/product/side-panel-toyota-corolla-2015/,"Modifications Accessories, Side Steps Foot Rest | Skirts, Toyota Corolla Accessories",-10%,"₨4,500","₨5,000",0out of 5,"data:image/svg+xml;base64,PHN2ZyB4bWxucz0iaHR0cDovL3d3dy53My5vcmcvMjAwMC9zdmciIHdpZHRoPSI4MDAiIGhlaWdodD0iODAwIiB2aWV3Qm94PSIwIDAgODAwIDgwMCI+PHJlY3Qgd2lkdGg9IjEwMCUiIGhlaWdodD0iMTAwJSIgc3R5bGU9ImZpbGw6I2NmZDRkYjtmaWxsLW9wYWNpdHk6IDAuMTsiLz48L3N2Zz4="
Honda Civic Side Foot Panel Skirts Fiber Glass Pair - Model 2016-2021,https://pakmotors.pk/product/side-panel-honda-civic-2017/,"Honda Civic Accessories, Modifications Accessories, Side Steps Foot Rest | Skirts",-10%,"₨4,500","₨5,000",0out of 5,"data:image/svg+xml;base64,PHN2ZyB4bWxucz0iaHR0cDovL3d3dy53My5vcmcvMjAwMC9zdmciIHdpZHRoPSI4MDAiIGhlaWdodD0iODAwIiB2aWV3Qm94PSIwIDAgODAwIDgwMCI+PHJlY3Qgd2lkdGg9IjEwMCUiIGhlaWdodD0iMTAwJSIgc3R5bGU9ImZpbGw6I2NmZDRkYjtmaWxsLW9wYWNpdHk6IDAuMTsiLz48L3N2Zz4="
Tow Chain Steel Wire Rope Cable,https://pakmotors.pk/product/tow-chain-steel/,"Modifications Accessories, Towing Products & Winches",-8%,"₨2,300","₨2,500",0out of 5,"data:image/svg+xml;base64,PHN2ZyB4bWxucz0iaHR0cDovL3d3dy53My5vcmcvMjAwMC9zdmciIHdpZHRoPSI2MDAiIGhlaWdodD0iNjAwIiB2aWV3Qm94PSIwIDAgNjAwIDYwMCI+PHJlY3Qgd2lkdGg9IjEwMCUiIGhlaWdodD0iMTAwJSIgc3R5bGU9ImZpbGw6I2NmZDRkYjtmaWxsLW9wYWNpdHk6IDAuMTsiLz48L3N2Zz4="
Car Steering Wheel Cover With Logo,https://pakmotors.pk/product/steering-cover-with-logo-for-all-cars/,"Interior Accessories, Steering & Accessories, Steering Wheel Covers",-10%,₨900,"₨1,000",0out of 5,"data:image/svg+xml;base64,PHN2ZyB4bWxucz0iaHR0cDovL3d3dy53My5vcmcvMjAwMC9zdmciIHdpZHRoPSI2MDAiIGhlaWdodD0iNjAwIiB2aWV3Qm94PSIwIDAgNjAwIDYwMCI+PHJlY3Qgd2lkdGg9IjEwMCUiIGhlaWdodD0iMTAwJSIgc3R5bGU9ImZpbGw6I2NmZDRkYjtmaWxsLW9wYWNpdHk6IDAuMTsiLz48L3N2Zz4="
Suzuki Wagon R Body Kit Model 2014-2021,https://pakmotors.pk/product/suzuki-wagonr-body-kit/,"Body Kits & Extensions, Modifications Accessories, Suzuki Wagon R Accessories",-7%,"₨13,000","₨14,000",0out of 5,"data:image/svg+xml;base64,PHN2ZyB4bWxucz0iaHR0cDovL3d3dy53My5vcmcvMjAwMC9zdmciIHdpZHRoPSI2MDAiIGhlaWdodD0iNjAwIiB2aWV3Qm94PSIwIDAgNjAwIDYwMCI+PHJlY3Qgd2lkdGg9IjEwMCUiIGhlaWdodD0iMTAwJSIgc3R5bGU9ImZpbGw6I2NmZDRkYjtmaWxsLW9wYWNpdHk6IDAuMTsiLz48L3N2Zz4="
Toyota Yaris OEM Body Kit 4 PC - Model 2020-2024,https://pakmotors.pk/product/toyota-yaris-body-kit/,"Body Kits & Extensions, Modifications Accessories, Toyota Yaris Accessories",-12%,"₨26,500","₨30,000",0out of 5,"data:image/svg+xml;base64,PHN2ZyB4bWxucz0iaHR0cDovL3d3dy53My5vcmcvMjAwMC9zdmciIHdpZHRoPSI2MDAiIGhlaWdodD0iNjAwIiB2aWV3Qm94PSIwIDAgNjAwIDYwMCI+PHJlY3Qgd2lkdGg9IjEwMCUiIGhlaWdodD0iMTAwJSIgc3R5bGU9ImZpbGw6I2NmZDRkYjtmaWxsLW9wYWNpdHk6IDAuMTsiLz48L3N2Zz4="
Toyota Corolla Rear Bumper Diffuser,https://pakmotors.pk/product/toyota-corolla-back-bumper-diffuser-with-logo/,"Modifications Accessories, Rear Bumper Diffusers, Toyota Corolla Accessories",-4%,"₨4,000","₨4,150",0out of 5,"data:image/svg+xml;base64,PHN2ZyB4bWxucz0iaHR0cDovL3d3dy53My5vcmcvMjAwMC9zdmciIHdpZHRoPSI4MDAiIGhlaWdodD0iODAwIiB2aWV3Qm94PSIwIDAgODAwIDgwMCI+PHJlY3Qgd2lkdGg9IjEwMCUiIGhlaWdodD0iMTAwJSIgc3R5bGU9ImZpbGw6I2NmZDRkYjtmaWxsLW9wYWNpdHk6IDAuMTsiLz48L3N2Zz4="
Honda Civic Back LED RS Spoiler - Model 2016-2021,https://pakmotors.pk/product/civic-x-digi-rs-spoiler/,"Car Spoilers, Honda Civic Accessories, Modifications Accessories",-3%,"₨7,800","₨8,000",0out of 5,"data:image/svg+xml;base64,PHN2ZyB4bWxucz0iaHR0cDovL3d3dy53My5vcmcvMjAwMC9zdmciIHdpZHRoPSI4MDAiIGhlaWdodD0iODAwIiB2aWV3Qm94PSIwIDAgODAwIDgwMCI+PHJlY3Qgd2lkdGg9IjEwMCUiIGhlaWdodD0iMTAwJSIgc3R5bGU9ImZpbGw6I2NmZDRkYjtmaWxsLW9wYWNpdHk6IDAuMTsiLz48L3N2Zz4="
Honda Civic Spoiler  Model 2006-2012,https://pakmotors.pk/product/civic-2007-spoiler/,"Car Spoilers, Honda Civic Accessories, Modifications Accessories",-5%,"₨3,000","₨3,150",0out of 5,"data:image/svg+xml;base64,PHN2ZyB4bWxucz0iaHR0cDovL3d3dy53My5vcmcvMjAwMC9zdmciIHdpZHRoPSI4MDAiIGhlaWdodD0iODAwIiB2aWV3Qm94PSIwIDAgODAwIDgwMCI+PHJlY3Qgd2lkdGg9IjEwMCUiIGhlaWdodD0iMTAwJSIgc3R5bGU9ImZpbGw6I2NmZDRkYjtmaWxsLW9wYWNpdHk6IDAuMTsiLz48L3N2Zz4="
Toyota Vitz Spoiler - Model 2005-2012,https://pakmotors.pk/product/toyota-vitz-spoiler-2005-2012/,"Car Spoilers, Modifications Accessories, Toyota Vitz Accessories",-5%,"₨6,000","₨6,300",0out of 5,"data:image/svg+xml;base64,PHN2ZyB4bWxucz0iaHR0cDovL3d3dy53My5vcmcvMjAwMC9zdmciIHdpZHRoPSI0NzQiIGhlaWdodD0iNjAwIiB2aWV3Qm94PSIwIDAgNDc0IDYwMCI+PHJlY3Qgd2lkdGg9IjEwMCUiIGhlaWdodD0iMTAwJSIgc3R5bGU9ImZpbGw6I2NmZDRkYjtmaWxsLW9wYWNpdHk6IDAuMTsiLz48L3N2Zz4="
Suzuki Alto Side Mirror Chrome Covers RS Style,https://pakmotors.pk/product/alto-new-mirror-chrome-cover/,"Suzuki ALTO Accessories, Car Chrome Accessories, Exterior Accessories, Modifications Accessories, Side Mirror Covers",-4%,"₨2,400","₨2,500",0out of 5,"data:image/svg+xml;base64,PHN2ZyB4bWxucz0iaHR0cDovL3d3dy53My5vcmcvMjAwMC9zdmciIHdpZHRoPSI2MDAiIGhlaWdodD0iNjAwIiB2aWV3Qm94PSIwIDAgNjAwIDYwMCI+PHJlY3Qgd2lkdGg9IjEwMCUiIGhlaWdodD0iMTAwJSIgc3R5bGU9ImZpbGw6I2NmZDRkYjtmaWxsLW9wYWNpdHk6IDAuMTsiLz48L3N2Zz4="
Suzuki Mehran Side Mirror Set Wide Angle Pair,https://pakmotors.pk/product/mehran-car-side-view-mirrors-1set/,"Fancy Or Custome Side Mirrors, Modifications Accessories, Suzuki MEHRAN Accessories",-20%,"₨1,200","₨1,500",0out of 5,"data:image/svg+xml;base64,PHN2ZyB4bWxucz0iaHR0cDovL3d3dy53My5vcmcvMjAwMC9zdmciIHdpZHRoPSI2MDAiIGhlaWdodD0iNjAwIiB2aWV3Qm94PSIwIDAgNjAwIDYwMCI+PHJlY3Qgd2lkdGg9IjEwMCUiIGhlaWdodD0iMTAwJSIgc3R5bGU9ImZpbGw6I2NmZDRkYjtmaWxsLW9wYWNpdHk6IDAuMTsiLz48L3N2Zz4="
Toyota Corolla Slim Roof Spoiler  Model  2015-2021,https://pakmotors.pk/product/toyota-corolla-jumbo-spoiler/,"Car Spoilers, Modifications Accessories, Toyota Corolla Accessories",-5%,"₨6,200","₨6,500",0out of 5,"data:image/svg+xml;base64,PHN2ZyB4bWxucz0iaHR0cDovL3d3dy53My5vcmcvMjAwMC9zdmciIHdpZHRoPSI2MDAiIGhlaWdodD0iNjAwIiB2aWV3Qm94PSIwIDAgNjAwIDYwMCI+PHJlY3Qgd2lkdGg9IjEwMCUiIGhlaWdodD0iMTAwJSIgc3R5bGU9ImZpbGw6I2NmZDRkYjtmaWxsLW9wYWNpdHk6IDAuMTsiLz48L3N2Zz4="
Honda City Lip Spoiler Unpainted – Model 2008-2021,https://pakmotors.pk/product/honda-city-new-spoiler/,"Car Spoilers, Honda City Accessories, Modifications Accessories",-5%,"₨5,500","₨5,800",0out of 5,"data:image/svg+xml;base64,PHN2ZyB4bWxucz0iaHR0cDovL3d3dy53My5vcmcvMjAwMC9zdmciIHdpZHRoPSI2MDAiIGhlaWdodD0iNjAwIiB2aWV3Qm94PSIwIDAgNjAwIDYwMCI+PHJlY3Qgd2lkdGg9IjEwMCUiIGhlaWdodD0iMTAwJSIgc3R5bGU9ImZpbGw6I2NmZDRkYjtmaWxsLW9wYWNpdHk6IDAuMTsiLz48L3N2Zz4="
Toyota Yaris Trunk Spoiler - Model 2020-2024,https://pakmotors.pk/product/toyota-yaris-spoiler/,"Car Spoilers, Modifications Accessories, Toyota Yaris Accessories",-30%,"₨3,500","₨5,000",0out of 5,"data:image/svg+xml;base64,PHN2ZyB4bWxucz0iaHR0cDovL3d3dy53My5vcmcvMjAwMC9zdmciIHdpZHRoPSI2MDAiIGhlaWdodD0iNjg3IiB2aWV3Qm94PSIwIDAgNjAwIDY4NyI+PHJlY3Qgd2lkdGg9IjEwMCUiIGhlaWdodD0iMTAwJSIgc3R5bGU9ImZpbGw6I2NmZDRkYjtmaWxsLW9wYWNpdHk6IDAuMTsiLz48L3N2Zz4="
